Query,Response
Hi,"Hi there! My name is Alice from XYZ Bank. How may I help you today?"
Hello,"Hello! Welcome to XYZ Bank. I am Alice, your virtual banking assistant. How can I assist you?"
Good morning,"Good morning! Welcome to XYZ Bank. I am Alice. How may I help you today?"
Tell me about your services,"XYZ Bank is a leading international bank with branches in 5 cities across the globe. We offer Savings Accounts, Current Accounts, Fixed Deposits, Personal Loans, Home Loans, Car Loans, Credit Cards, and Digital Banking services."
How can I open a new bank account?,"You can open a new bank account by visiting any of our branches with your identity documents or through our website by clicking on Open Account. The process is quick and easy."
What documents are required to open an account?,"To open a bank account you need a valid government-issued photo ID such as Aadhaar or PAN card or Passport along with proof of address and a recent passport-size photograph."
What types of accounts do you offer?,"We offer Savings Accounts, Current Accounts, Salary Accounts, Fixed Deposit Accounts, and Recurring Deposit Accounts to suit different customer needs."
What is a savings account?,"A Savings Account is a basic deposit account that allows you to save money and earn interest. It is suitable for individuals who want to store money safely while earning a small return."
What is a current account?,"A Current Account is designed for businesses and frequent transactions. It does not earn interest but allows unlimited deposits and withdrawals without restrictions."
What is the minimum balance for a savings account?,"The minimum balance required for a savings account at XYZ Bank is Rs. 1000 for regular accounts and Rs. 500 for basic savings accounts."
How can I check my account balance?,"You can check your account balance through our mobile app, internet banking portal, ATM, or by calling our customer care helpline."
How do I transfer money to another account?,"You can transfer money using NEFT, RTGS, IMPS, or UPI through our mobile app or internet banking. Log in, select Transfer Funds, choose the transfer method, enter the recipient details and amount, then confirm."
What is NEFT?,"NEFT stands for National Electronic Funds Transfer. It is used to transfer money between bank accounts across India. Transfers are processed in batches and typically take a few hours to complete."
What is RTGS?,"RTGS stands for Real Time Gross Settlement. It is used for high-value transactions above Rs. 2 lakhs and the transfer happens in real time."
What is IMPS?,"IMPS stands for Immediate Payment Service. It allows instant money transfer 24 hours a day 7 days a week including holidays."
What is UPI?,"UPI stands for Unified Payments Interface. It is a real-time payment system that allows you to transfer money directly between bank accounts using a mobile app with just a UPI ID or phone number."
How do I apply for a debit card?,"You can apply for a debit card while opening a new account or by requesting one through our mobile app or by visiting your nearest branch."
How do I block my lost debit card?,"If you have lost your debit card you can immediately block it through our mobile app, internet banking, or by calling our 24x7 customer care helpline."
What is the daily transaction limit on debit cards?,"The daily ATM withdrawal limit is Rs. 25000 and the daily POS and online transaction limit is Rs. 100000. These limits can be customized through your mobile app."
How do I apply for a credit card?,"You can apply for a credit card online through our website or by visiting your nearest branch. You need to meet the eligibility criteria based on income and credit score."
What is the credit limit on a credit card?,"The credit limit is assigned based on your income, credit score, and banking history. You can request a limit increase after 6 months of good repayment history."
How do I pay my credit card bill?,"You can pay your credit card bill through internet banking, mobile app, auto-debit, UPI, NEFT, or by visiting any branch."
What happens if I miss a credit card payment?,"Missing a credit card payment will attract late payment fees and interest charges. It may also negatively affect your credit score. We recommend setting up auto-pay to avoid missing payments."
How can I apply for a personal loan?,"You can apply for a personal loan online through our website or mobile app. You need to provide income proof, identity documents, and address proof. Loan approval is quick and disbursement happens within 2 working days."
What is the interest rate on personal loans?,"Personal loan interest rates at XYZ Bank start from 10.5% per annum depending on your credit profile and loan amount."
How can I apply for a home loan?,"You can apply for a home loan by visiting our branch or through our website. You will need property documents, income proof, and identity verification. Our home loan experts will guide you through the process."
What is the interest rate on home loans?,"Home loan interest rates at XYZ Bank start from 8.5% per annum. Rates depend on the loan amount, tenure, and your credit score."
What is the maximum tenure for a home loan?,"The maximum tenure for a home loan at XYZ Bank is 30 years."
How can I apply for a car loan?,"You can apply for a car loan online or at any branch. We offer financing for both new and used vehicles with quick approval and minimal documentation."
What is the interest rate on car loans?,"Car loan interest rates at XYZ Bank start from 9% per annum depending on the vehicle type and your credit profile."
What is a fixed deposit?,"A Fixed Deposit or FD is a financial instrument where you deposit a lump sum for a fixed period and earn a higher interest rate than a savings account. The amount is locked until maturity."
What is the interest rate on fixed deposits?,"Fixed deposit interest rates at XYZ Bank range from 5.5% to 7.5% per annum depending on the deposit tenure."
What is the minimum amount for a fixed deposit?,"The minimum amount to open a fixed deposit at XYZ Bank is Rs. 1000."
Can I break my fixed deposit early?,"Yes you can break your fixed deposit before maturity. However a penalty of 0.5% to 1% may be applicable on the interest rate."
What is a recurring deposit?,"A Recurring Deposit or RD allows you to deposit a fixed amount every month for a chosen tenure and earn interest. It is useful for building savings regularly."
How do I open a fixed deposit or recurring deposit?,"You can open a Fixed Deposit or Recurring Deposit through our mobile app, internet banking, or by visiting your nearest branch."
What is KYC?,"KYC stands for Know Your Customer. It is a mandatory verification process required by banks to confirm the identity and address of customers before providing financial services."
What documents are required for KYC?,"For KYC verification you need a valid photo identity proof such as Aadhaar card, PAN card, Passport, or Voter ID along with an address proof document."
How do I update my KYC?,"You can update your KYC by visiting your nearest branch with your updated documents or by using the digital KYC option on our mobile app."
What happens if I do not complete KYC?,"If your KYC is not completed or is expired your account may be restricted from transactions until the verification is done. We recommend keeping your KYC updated."
How do I reset my internet banking password?,"You can reset your internet banking password by clicking on Forgot Password on the login page. You will receive an OTP on your registered mobile number to set a new password."
How do I activate internet banking?,"You can activate internet banking by registering on our website using your account number and registered mobile number. An activation link will be sent to your email."
How do I download the mobile app?,"Our XYZ Bank mobile app is available on the Google Play Store and Apple App Store. Search for XYZ Bank and install the official app."
What should I do if I forgot my mobile banking PIN?,"You can reset your mobile banking PIN through the app by selecting Forgot PIN and verifying your identity using OTP sent to your registered mobile number."
Is my money safe in the bank?,"Yes your deposits are safe. XYZ Bank is regulated by the Reserve Bank of India and deposits up to Rs. 5 lakhs per depositor are insured under DICGC insurance."
What is DICGC insurance?,"DICGC stands for Deposit Insurance and Credit Guarantee Corporation. It provides insurance on bank deposits up to Rs. 5 lakhs per depositor in case the bank fails."
How do I report a fraud or suspicious transaction?,"If you notice any suspicious or unauthorized transaction immediately call our 24x7 customer care helpline or use the Report Fraud option on our mobile app. We will investigate and help you."
What should I do if my account is hacked?,"Immediately block your account by calling our customer care helpline, change your internet banking and mobile banking passwords, and visit your nearest branch to file a complaint."
How do I set up account alerts?,"You can set up SMS and email alerts for transactions, low balance, and login attempts through the mobile app or internet banking settings."
How do I link my Aadhaar to my bank account?,"You can link your Aadhaar to your bank account through our mobile app, internet banking, ATM, or by visiting the branch with your Aadhaar card."
How do I link PAN to my bank account?,"You can link your PAN card to your bank account through internet banking, mobile app, or by visiting any branch. PAN linking is mandatory for transactions above Rs. 50000."
What is net banking?,"Net banking or internet banking allows you to access and manage your bank account from any device through our secure online portal. You can check balance, transfer funds, pay bills, and more."
How do I pay utility bills through the app?,"Open the XYZ Bank mobile app, go to the Bill Payments section, select the biller, enter your consumer number and amount, then confirm the payment."
Can I pay loan EMI online?,"Yes you can pay your loan EMI through our mobile app, internet banking, or by setting up an auto-debit from your savings account."
What is an EMI?,"EMI stands for Equated Monthly Installment. It is the fixed amount you pay every month towards repaying a loan including both principal and interest components."
How do I foreclose my loan?,"You can foreclose or prepay your loan by visiting the nearest branch or through internet banking. Partial or full prepayment charges may apply depending on the loan type."
How do I get a loan statement?,"You can download your loan statement from the mobile app or internet banking under the Loan Accounts section. You can also request a physical statement at your branch."
How do I get my account statement?,"You can download your account statement from the mobile app, internet banking, or request an email statement. Physical statements can be requested at your branch."
Can I open a joint account?,"Yes XYZ Bank allows joint accounts. Both account holders need to submit their identity and address proofs. You can choose either or survivor or jointly or anyone or survivor operating instructions."
What is a nominee in a bank account?,"A nominee is a person you designate to receive the account funds in case of your unfortunate demise. Adding a nominee is strongly recommended for all accounts."
How do I add a nominee to my account?,"You can add or update a nominee through internet banking, mobile app, or by submitting a nomination form at your nearest branch."
What is an IFSC code?,"IFSC stands for Indian Financial System Code. It is an 11-character alphanumeric code that uniquely identifies a bank branch and is required for NEFT, RTGS, and IMPS transfers."
Where can I find my IFSC code?,"Your IFSC code is printed on your cheque book and bank passbook. You can also find it on our website or mobile app under your account details."
What is a MICR code?,"MICR stands for Magnetic Ink Character Recognition. It is a 9-digit code printed on cheques used for processing cheque transactions."
How do I order a cheque book?,"You can request a cheque book through our mobile app, internet banking, or by visiting the nearest branch. It will be delivered to your registered address within 5 to 7 working days."
How do I stop a cheque payment?,"You can issue a stop payment instruction for a cheque through internet banking, mobile app, or by visiting the branch before the cheque is presented for clearing."
What is a demand draft?,"A Demand Draft or DD is a pre-paid payment instrument issued by the bank on behalf of the payer. It is a secure mode of payment that guarantees the amount to the beneficiary."
What is the customer care number?,"You can reach our XYZ Bank customer care team at 1800-XXX-XXXX. Our helpline is available 24 hours a day 7 days a week including holidays."
How do I find the nearest branch or ATM?,"You can find the nearest XYZ Bank branch or ATM using the Branch Locator feature on our mobile app or website. Enter your location or pin code to get directions."
What are your branch working hours?,"XYZ Bank branches are open from 9:30 AM to 4:30 PM on weekdays and 9:30 AM to 1:30 PM on Saturdays. Branches are closed on Sundays and public holidays."
How do I update my mobile number in bank records?,"You can update your registered mobile number by visiting your nearest branch with your identity proof. Some updates can also be done through the mobile app with OTP verification."
How do I update my address in bank records?,"You can update your address by submitting an address change request at the branch along with a new address proof document."
How do I close my bank account?,"To close a bank account visit your nearest branch with your identity proof and submit an account closure form. Ensure that all dues are cleared before closure."
What is an overdraft facility?,"An overdraft facility allows you to withdraw more than the available balance in your account up to a pre-approved limit. Interest is charged only on the amount used."
How do I apply for an overdraft?,"You can apply for an overdraft facility by visiting your nearest branch or through internet banking if you are eligible. It is typically offered against fixed deposits or salary accounts."
What is a locker facility?,"Bank lockers are secure storage facilities offered by the bank to keep your valuables such as jewelry, documents, and important items safe."
How do I rent a bank locker?,"To rent a bank locker visit your nearest XYZ Bank branch. Availability may vary by branch. You will need to sign a locker agreement and pay an annual rental fee."
What should I do if the ATM does not dispense cash but the amount is debited?,"Do not panic. The amount will be automatically refunded within 5 to 7 working days. If not received raise a dispute through our mobile app or customer care helpline."
What is a credit score?,"A credit score is a numerical rating between 300 and 900 that represents your creditworthiness based on your loan repayment history and credit usage. A higher score improves chances of loan approval."
How can I improve my credit score?,"To improve your credit score pay all loan EMIs and credit card bills on time, maintain a low credit utilization ratio, avoid applying for multiple loans at once, and keep old credit accounts active."
What is the minimum credit score required for a loan?,"A minimum credit score of 700 is generally required for personal and home loans at XYZ Bank. A higher score may help you get better interest rates."
Does XYZ Bank offer insurance products?,"Yes XYZ Bank offers life insurance, health insurance, and general insurance products in partnership with leading insurance companies."
Does XYZ Bank offer mutual fund investments?,"Yes you can invest in mutual funds through XYZ Bank. You can start a SIP or make lump sum investments through our mobile app or by visiting the branch."
What is a SIP?,"SIP stands for Systematic Investment Plan. It allows you to invest a fixed amount regularly in mutual funds which helps build wealth over time through the power of compounding."
How do I contact customer support for a complaint?,"You can register a complaint by calling our customer care number, emailing us, using the Raise a Complaint section on our app or website, or by visiting the nearest branch."
How long does it take to resolve a complaint?,"Most complaints are resolved within 7 working days. Complex cases may take up to 30 days. You will receive regular updates on the status of your complaint."
Goodbye,"Thank you for banking with XYZ Bank. Have a great day! Feel free to reach out anytime you need assistance."
Thank you,"You are welcome! It was a pleasure assisting you. Have a wonderful day and happy banking with XYZ Bank!"
